trainingSession_id,trainer_id,gym_id,member_id,date
TS1,T1,G1,M1,01/06/2024
TS2,T2,G2,M2,02/06/2024
TS3,T3,G3,M3,03/06/2024
TS4,T4,G4,M4,04/06/2024
TS5,T5,G5,M5,05/06/2024
TS6,T6,G6,M6,06/06/2024
TS7,T7,G7,M7,07/06/2024
TS8,T8,G8,M8,08/06/2024
TS9,T9,G9,M9,09/06/2024
TS10,T10,G10,M10,10/06/2024
TS11,T11,G1,M11,11/06/2024
TS12,T12,G2,M12,12/06/2024
TS13,T13,G3,M13,13/06/2024
TS14,T14,G4,M14,14/06/2024
TS15,T15,G5,M15,15/06/2024
TS16,T16,G6,M16,16/06/2024
TS17,T17,G7,M17,17/06/2024
TS18,T18,G8,M18,18/06/2024
TS19,T19,G9,M19,19/06/2024
TS20,T20,G10,M20,20/06/2024
TS21,T21,G1,M21,21/06/2024
TS22,T22,G2,M22,22/06/2024
TS23,T23,G3,M23,23/06/2024
TS24,T24,G4,M24,24/06/2024
TS25,T25,G5,M25,25/06/2024
TS26,T26,G6,M26,26/06/2024
TS27,T27,G7,M27,27/06/2024
TS28,T28,G8,M28,28/06/2024
TS29,T29,G9,M29,29/06/2024
TS30,T30,G10,M30,30/06/2024
TS31,T31,G1,M31,01/07/2024
TS32,T32,G2,M32,02/07/2024
TS33,T33,G3,M33,03/07/2024
TS34,T34,G4,M34,04/07/2024
TS35,T35,G5,M35,05/07/2024
TS36,T36,G6,M36,06/07/2024
TS37,T37,G7,M37,07/07/2024
TS38,T38,G8,M38,08/07/2024
TS39,T39,G9,M39,09/07/2024
TS40,T40,G10,M40,10/07/2024
TS41,T41,G1,M41,11/07/2024
TS42,T42,G2,M42,12/07/2024
TS43,T43,G3,M43,13/07/2024
TS44,T44,G4,M44,14/07/2024
TS45,T45,G5,M45,15/07/2024
TS46,T46,G6,M46,16/07/2024
TS47,T47,G7,M47,17/07/2024
TS48,T48,G8,M48,18/07/2024
TS49,T49,G9,M49,19/07/2024
TS50,T50,G10,M50,20/07/2024
